Название вакансии,Название компании,Заработная плата,Ссылка на вакансию
Программист,ООО Паритет,,https://tomsk.hh.ru/vacancy/119734470?query=%D0%BF%D1%80%D0%BE%D0%B3%D1%80%D0%B0%D0%BC%D0%BC%D0%B8%D1%81%D1%82&hhtmFrom=vacancy_search_list
Full-stack разработчик (программист фулстек),ООО Делу время,,https://tomsk.hh.ru/vacancy/120257329?query=%D0%BF%D1%80%D0%BE%D0%B3%D1%80%D0%B0%D0%BC%D0%BC%D0%B8%D1%81%D1%82&hhtmFrom=vacancy_search_list
PHP-программист,Evaxsoft,,https://tomsk.hh.ru/vacancy/119981992?query=%D0%BF%D1%80%D0%BE%D0%B3%D1%80%D0%B0%D0%BC%D0%BC%D0%B8%D1%81%D1%82&hhtmFrom=vacancy_search_list
Программист C#,"Компания ЭлеСи, Томск",,https://tomsk.hh.ru/vacancy/120281997?query=%D0%BF%D1%80%D0%BE%D0%B3%D1%80%D0%B0%D0%BC%D0%BC%D0%B8%D1%81%D1%82&hhtmFrom=vacancy_search_list
Инженер-программист,АО Научно-производственная фирма Микран,,https://tomsk.hh.ru/vacancy/120228896?query=%D0%BF%D1%80%D0%BE%D0%B3%D1%80%D0%B0%D0%BC%D0%BC%D0%B8%D1%81%D1%82&hhtmFrom=vacancy_search_list
Программист 1С,"ЛАМА, Группа компаний",,https://tomsk.hh.ru/vacancy/110191921?query=%D0%BF%D1%80%D0%BE%D0%B3%D1%80%D0%B0%D0%BC%D0%BC%D0%B8%D1%81%D1%82&hhtmFrom=vacancy_search_list
Ведущий программист,ИСЭ СО РАН,,https://tomsk.hh.ru/vacancy/119742143?query=%D0%BF%D1%80%D0%BE%D0%B3%D1%80%D0%B0%D0%BC%D0%BC%D0%B8%D1%81%D1%82&hhtmFrom=vacancy_search_list
Стажёр-программист PHP,Консорциум Кодекс,,https://tomsk.hh.ru/vacancy/119079689?query=%D0%BF%D1%80%D0%BE%D0%B3%D1%80%D0%B0%D0%BC%D0%BC%D0%B8%D1%81%D1%82&hhtmFrom=vacancy_search_list
Инженер-программист,ООО ПО Дион,,https://tomsk.hh.ru/vacancy/119959212?query=%D0%BF%D1%80%D0%BE%D0%B3%D1%80%D0%B0%D0%BC%D0%BC%D0%B8%D1%81%D1%82&hhtmFrom=vacancy_search_list
Инженер-программист,АО Научно-производственная фирма Микран,,https://tomsk.hh.ru/vacancy/120004529?query=%D0%BF%D1%80%D0%BE%D0%B3%D1%80%D0%B0%D0%BC%D0%BC%D0%B8%D1%81%D1%82&hhtmFrom=vacancy_search_list
Программист C++,ООО СИНЕКТА,,https://tomsk.hh.ru/vacancy/119459756?query=%D0%BF%D1%80%D0%BE%D0%B3%D1%80%D0%B0%D0%BC%D0%BC%D0%B8%D1%81%D1%82&hhtmFrom=vacancy_search_list
Программист по разработке программного обеспечения к Autodesk Revit,АО Специализированный Застройщик Кировский Сельский Строительный Комбинат,,https://tomsk.hh.ru/vacancy/120015695?query=%D0%BF%D1%80%D0%BE%D0%B3%D1%80%D0%B0%D0%BC%D0%BC%D0%B8%D1%81%D1%82&hhtmFrom=vacancy_search_list
Инженер-программист,ОГКУ СМЭУ ТО,,https://tomsk.hh.ru/vacancy/119467257?query=%D0%BF%D1%80%D0%BE%D0%B3%D1%80%D0%B0%D0%BC%D0%BC%D0%B8%D1%81%D1%82&hhtmFrom=vacancy_search_list
Программист,Дента Люкс,,https://tomsk.hh.ru/vacancy/117655671?query=%D0%BF%D1%80%D0%BE%D0%B3%D1%80%D0%B0%D0%BC%D0%BC%D0%B8%D1%81%D1%82&hhtmFrom=vacancy_search_list
Программист 1С (УТ),ООО МАГ Девелопмент,,https://tomsk.hh.ru/vacancy/120064133?query=%D0%BF%D1%80%D0%BE%D0%B3%D1%80%D0%B0%D0%BC%D0%BC%D0%B8%D1%81%D1%82&hhtmFrom=vacancy_search_list
Программист приложений прикладного ПО,"Интегра, Группа компаний",,https://tomsk.hh.ru/vacancy/119529620?query=%D0%BF%D1%80%D0%BE%D0%B3%D1%80%D0%B0%D0%BC%D0%BC%D0%B8%D1%81%D1%82&hhtmFrom=vacancy_search_list
Стажер-разработчик (frontend),ООО Цифровые технологии и платформы,,https://tomsk.hh.ru/vacancy/120222751?query=%D0%BF%D1%80%D0%BE%D0%B3%D1%80%D0%B0%D0%BC%D0%BC%D0%B8%D1%81%D1%82&hhtmFrom=vacancy_search_list
"Стажер-разработчик (РНР, С#)",ООО Цифровые технологии и платформы,,https://tomsk.hh.ru/vacancy/120222109?query=%D0%BF%D1%80%D0%BE%D0%B3%D1%80%D0%B0%D0%BC%D0%BC%D0%B8%D1%81%D1%82&hhtmFrom=vacancy_search_list
Python разработчик (junior),ООО Тендерлайв,,https://tomsk.hh.ru/vacancy/119772544?query=%D0%BF%D1%80%D0%BE%D0%B3%D1%80%D0%B0%D0%BC%D0%BC%D0%B8%D1%81%D1%82&hhtmFrom=vacancy_search_list
"React Frontend Web Developer/разработчик в офис, г. Томск",ООО СистемоСинтез,,https://tomsk.hh.ru/vacancy/119613093?query=%D0%BF%D1%80%D0%BE%D0%B3%D1%80%D0%B0%D0%BC%D0%BC%D0%B8%D1%81%D1%82&hhtmFrom=vacancy_search_list
C++ Developer,Rubius,,https://tomsk.hh.ru/vacancy/114903659?query=%D0%BF%D1%80%D0%BE%D0%B3%D1%80%D0%B0%D0%BC%D0%BC%D0%B8%D1%81%D1%82&hhtmFrom=vacancy_search_list
C++ Developer (UI),Rubius,,https://tomsk.hh.ru/vacancy/118580562?query=%D0%BF%D1%80%D0%BE%D0%B3%D1%80%D0%B0%D0%BC%D0%BC%D0%B8%D1%81%D1%82&hhtmFrom=vacancy_search_list
Разработчик мобильных приложений под iOS и Android,ООО Первая Свободная Платформа Легальной Музыки,,https://tomsk.hh.ru/vacancy/119485485?query=%D0%BF%D1%80%D0%BE%D0%B3%D1%80%D0%B0%D0%BC%D0%BC%D0%B8%D1%81%D1%82&hhtmFrom=vacancy_search_list
Ведущий программист 1C,Добротека,,https://tomsk.hh.ru/vacancy/119255764?query=%D0%BF%D1%80%D0%BE%D0%B3%D1%80%D0%B0%D0%BC%D0%BC%D0%B8%D1%81%D1%82&hhtmFrom=vacancy_search_list
Программист 1С,ООО Томский инструментальный завод,,https://tomsk.hh.ru/vacancy/119255811?query=%D0%BF%D1%80%D0%BE%D0%B3%D1%80%D0%B0%D0%BC%D0%BC%D0%B8%D1%81%D1%82&hhtmFrom=vacancy_search_list
Программист Middle/Senior C++,ООО СИНЕКТА,,https://tomsk.hh.ru/vacancy/120260645?query=%D0%BF%D1%80%D0%BE%D0%B3%D1%80%D0%B0%D0%BC%D0%BC%D0%B8%D1%81%D1%82&hhtmFrom=vacancy_search_list
Frontend-разработчик (Vue) / Frontend Developer (Vue),Rubius,,https://tomsk.hh.ru/vacancy/119853799?query=%D0%BF%D1%80%D0%BE%D0%B3%D1%80%D0%B0%D0%BC%D0%BC%D0%B8%D1%81%D1%82&hhtmFrom=vacancy_search_list
Программист 1С в команду автоматизации,ООО МКК Корона,,https://tomsk.hh.ru/vacancy/120204435?query=%D0%BF%D1%80%D0%BE%D0%B3%D1%80%D0%B0%D0%BC%D0%BC%D0%B8%D1%81%D1%82&hhtmFrom=vacancy_search_list
Специалист по тестированию ПО,ООО СистемоСинтез,,https://tomsk.hh.ru/vacancy/120307577?query=%D0%BF%D1%80%D0%BE%D0%B3%D1%80%D0%B0%D0%BC%D0%BC%D0%B8%D1%81%D1%82&hhtmFrom=vacancy_search_list
Presale инженер (Разработка электроники),DI-LABS,,https://tomsk.hh.ru/vacancy/119758458?query=%D0%BF%D1%80%D0%BE%D0%B3%D1%80%D0%B0%D0%BC%D0%BC%D0%B8%D1%81%D1%82&hhtmFrom=vacancy_search_list
Middle/Senior C#/.NET Developer,АО Атомик Софт,,https://tomsk.hh.ru/vacancy/120073151?query=%D0%BF%D1%80%D0%BE%D0%B3%D1%80%D0%B0%D0%BC%D0%BC%D0%B8%D1%81%D1%82&hhtmFrom=vacancy_search_list
Presale инженер (Разработка электроники),DI-LABS,,https://tomsk.hh.ru/vacancy/119758457?query=%D0%BF%D1%80%D0%BE%D0%B3%D1%80%D0%B0%D0%BC%D0%BC%D0%B8%D1%81%D1%82&hhtmFrom=vacancy_search_list
Desktop C# разработчик (стажер),Neo Stack Technology,,https://tomsk.hh.ru/vacancy/116800378?query=%D0%BF%D1%80%D0%BE%D0%B3%D1%80%D0%B0%D0%BC%D0%BC%D0%B8%D1%81%D1%82&hhtmFrom=vacancy_search_list
Разработчик образовательных программ (методист) по ИТ,ООО Газпром трансгаз Томск,,https://tomsk.hh.ru/vacancy/120321322?query=%D0%BF%D1%80%D0%BE%D0%B3%D1%80%D0%B0%D0%BC%D0%BC%D0%B8%D1%81%D1%82&hhtmFrom=vacancy_search_list
Разработчик Python (Стажер),Центр финансовых технологий,,https://tomsk.hh.ru/vacancy/120308107?query=%D0%BF%D1%80%D0%BE%D0%B3%D1%80%D0%B0%D0%BC%D0%BC%D0%B8%D1%81%D1%82&hhtmFrom=vacancy_search_list
Middle С++ Developer,АО Атомик Софт,,https://tomsk.hh.ru/vacancy/72842839?query=%D0%BF%D1%80%D0%BE%D0%B3%D1%80%D0%B0%D0%BC%D0%BC%D0%B8%D1%81%D1%82&hhtmFrom=vacancy_search_list
Technical Engineering Project Management Intern / Стажер инженерно-технической проектной группы,ООО Procter&Gamble - Новомосковск,,https://tomsk.hh.ru/vacancy/118112823?query=%D0%BF%D1%80%D0%BE%D0%B3%D1%80%D0%B0%D0%BC%D0%BC%D0%B8%D1%81%D1%82&hhtmFrom=vacancy_search_list
Специалист первой линии технической поддержки,АО Научно-производственная фирма Микран,,https://tomsk.hh.ru/vacancy/120315024?query=%D0%BF%D1%80%D0%BE%D0%B3%D1%80%D0%B0%D0%BC%D0%BC%D0%B8%D1%81%D1%82&hhtmFrom=vacancy_search_list
Senior С++ Developer,АО Атомик Софт,,https://tomsk.hh.ru/vacancy/89101386?query=%D0%BF%D1%80%D0%BE%D0%B3%D1%80%D0%B0%D0%BC%D0%BC%D0%B8%D1%81%D1%82&hhtmFrom=vacancy_search_list
Специалист технической поддержки,UMSSoft ltd,,https://tomsk.hh.ru/vacancy/120303394?query=%D0%BF%D1%80%D0%BE%D0%B3%D1%80%D0%B0%D0%BC%D0%BC%D0%B8%D1%81%D1%82&hhtmFrom=vacancy_search_list
Backend-разработчик middle (PHP),ООО Спутник,,https://tomsk.hh.ru/vacancy/119421061?query=%D0%BF%D1%80%D0%BE%D0%B3%D1%80%D0%B0%D0%BC%D0%BC%D0%B8%D1%81%D1%82&hhtmFrom=vacancy_search_list
UX/UI-дизайнер,Академия Data-Diving,,https://tomsk.hh.ru/vacancy/119799504?query=%D0%BF%D1%80%D0%BE%D0%B3%D1%80%D0%B0%D0%BC%D0%BC%D0%B8%D1%81%D1%82&hhtmFrom=vacancy_search_list
Logistics intern / Стажер дистрибьюторского центра,ООО Procter&Gamble - Новомосковск,,https://tomsk.hh.ru/vacancy/119417273?query=%D0%BF%D1%80%D0%BE%D0%B3%D1%80%D0%B0%D0%BC%D0%BC%D0%B8%D1%81%D1%82&hhtmFrom=vacancy_search_list
Специалист ночной технической поддержки (Браузер),Яндекс Крауд: Поддержка,,https://tomsk.hh.ru/vacancy/96492106?query=%D0%BF%D1%80%D0%BE%D0%B3%D1%80%D0%B0%D0%BC%D0%BC%D0%B8%D1%81%D1%82&hhtmFrom=vacancy_search_list
Motion дизайнер ( Igaming),Betting Software,,https://tomsk.hh.ru/vacancy/120035808?query=%D0%BF%D1%80%D0%BE%D0%B3%D1%80%D0%B0%D0%BC%D0%BC%D0%B8%D1%81%D1%82&hhtmFrom=vacancy_search_list
Веб-дизайнер (beginner),ИП Мусатова Юлия Евгеньевна,,https://tomsk.hh.ru/vacancy/120355278?query=%D0%BF%D1%80%D0%BE%D0%B3%D1%80%D0%B0%D0%BC%D0%BC%D0%B8%D1%81%D1%82&hhtmFrom=vacancy_search_list
Ночной специалист технической поддержки,Яндекс Крауд: Поддержка,,https://tomsk.hh.ru/vacancy/103931814?query=%D0%BF%D1%80%D0%BE%D0%B3%D1%80%D0%B0%D0%BC%D0%BC%D0%B8%D1%81%D1%82&hhtmFrom=vacancy_search_list
Аккаунт-менеджер,uniSiter,,https://tomsk.hh.ru/vacancy/119588951?query=%D0%BF%D1%80%D0%BE%D0%B3%D1%80%D0%B0%D0%BC%D0%BC%D0%B8%D1%81%D1%82&hhtmFrom=vacancy_search_list
Backend-разработчик (Oracle),ООО Софт Инжиниринг,,https://tomsk.hh.ru/vacancy/117811944?query=%D0%BF%D1%80%D0%BE%D0%B3%D1%80%D0%B0%D0%BC%D0%BC%D0%B8%D1%81%D1%82&hhtmFrom=vacancy_search_list
